"name","description","ingredients","category","price","calories","temperature_type","tags","image_url","is_available"
"Trà sữa trân châu đường đen","Trà sữa thơm béo, trân châu đường đen mềm dai.","Trà đen, sữa, trân châu đường đen","trà sữa","45000","420","cold","[""best_seller"",""sweet""]","/images/tra_sua_tccd.jpg","true"
"Trà sữa ô long","Hương trà ô long rõ vị, hậu vị thanh.","Trà ô long, sữa, trân châu trắng","trà sữa","48000","360","cold","[""tea"",""balanced""]","/images/tra_sua_ol.jpg","true"
"Matcha latte","Matcha Nhật Bản pha cùng sữa tươi.","Bột matcha, sữa tươi, syrup","latte","49000","280","both","[""matcha"",""less_sweet""]","/images/matcha_latte.webp","true"
"Latte caramel","Cà phê espresso cùng sữa tươi và caramel.","Espresso, sữa tươi, sốt caramel","cà phê","45000","250","both","[""coffee"",""caramel""]","/images/latte_caramel.webp","true"
"Americano","Espresso đậm vị, không thêm sữa.","Espresso, nước lọc","cà phê","35000","15","both","[""coffee"",""no_milk""]","/images/americano.webp","true"
"Cà phê sữa đá","Cà phê Việt Nam đậm đà với sữa đặc.","Cà phê phin, sữa đặc, đá","cà phê","39000","180","cold","[""vietnamese_coffee"",""best_seller""]","/images/ca_phe_sua_da.webp","true"
"Trà đào cam sả","Trà đào thơm, cam tươi và sả thanh mát.","Trà đen, đào, cam, sả","trà trái cây","49000","190","cold","[""fruit_tea"",""refreshing""]","/images/tra_dao_cam_sa.webp","true"
"Trà vải hoa hồng","Trà vải dịu ngọt với hương hoa hồng.","Trà nhài, vải, syrup hoa hồng","trà trái cây","49000","175","cold","[""fruit_tea"",""floral""]","/images/tra_vai_hoa_hong.jpg","true"
"Nước cam ép","Cam tươi ép nguyên chất.","Cam tươi","nước ép","40000","120","cold","[""fresh"",""vitamin_c""]","/images/nuoc_cam_ep.jpg","true"
"Nước chanh dây","Chanh dây chua ngọt, giải khát.","Chanh dây, đường, nước lọc","nước ép","39000","130","cold","[""fresh"",""tangy""]","/images/nuoc_chanh_day.jpg","true"
"Chocolate đá xay","Chocolate béo thơm xay cùng đá.","Bột chocolate, sữa tươi, kem, đá","đá xay","55000","390","cold","[""chocolate"",""indulgent""]","/images/chocolate_da_xay.webp","true"
"Sữa chua việt quất","Sữa chua mát lạnh cùng việt quất.","Sữa chua, việt quất, sữa đặc, đá","đá xay","52000","310","cold","[""yogurt"",""berry""]","/images/sua-chua_viet_quat.webp","true"
"Cà phê đen đá","Cà phê phin đậm vị, dùng cùng đá viên.","Cà phê phin, đá","cà phê","29000","5","cold","[""coffee"",""no_milk"",""no_added_sugar""]","/images/ca_phe_den_da.webp","true"
"Bạc xỉu","Sữa thơm béo kết hợp một lượng cà phê vừa phải.","Cà phê phin, sữa tươi, sữa đặc, đá","cà phê","35000","220","cold","[""coffee"",""milky""]","/images/bac_xiu.webp","true"
"Espresso đá","Espresso cô đặc rót trên đá, vị cà phê rõ nét.","Espresso, đá","cà phê","32000","5","cold","[""coffee"",""espresso"",""no_added_sugar""]","/images/espresso_da.webp","true"
"Cappuccino đá","Espresso hòa cùng sữa và lớp bọt sữa mịn.","Espresso, sữa tươi, bọt sữa, đá","cà phê","45000","130","cold","[""coffee"",""milk_foam""]","/images/cappucino_da.webp","true"
"Caramel macchiato","Sữa tươi, espresso và sốt caramel thơm ngọt.","Espresso, sữa tươi, syrup vanilla, sốt caramel, đá","cà phê","49000","270","cold","[""coffee"",""caramel"",""sweet""]","/images/caramel_macchiato.webp","true"
"Cold brew truyền thống","Cà phê ủ lạnh với hương thơm dịu và hậu vị nhẹ.","Cà phê ủ lạnh, nước lọc, đá","cà phê","39000","5","cold","[""coffee"",""cold_brew"",""no_added_sugar""]","/images/cold_brew_truyen_thong.webp","true"
"Cold brew kim quất","Cà phê ủ lạnh kết hợp kim quất chua ngọt.","Cà phê ủ lạnh, kim quất, syrup đường, đá","cà phê","45000","110","cold","[""coffee"",""citrus"",""refreshing""]","/images/cold_brew_kim_quat.webp","true"
"Bạc xỉu foam dừa","Bạc xỉu béo nhẹ phủ lớp foam dừa thơm mịn.","Cà phê phin, sữa tươi, sữa đặc, kem dừa, đá","cà phê","42000","290","cold","[""coffee"",""coconut"",""creamy""]","/images/bac_xiu_foam_dua.webp","true"
"Bạc xỉu caramel muối","Bạc xỉu ngọt béo với caramel và chút muối.","Cà phê phin, sữa tươi, sữa đặc, caramel, muối, đá","cà phê","42000","300","cold","[""coffee"",""salted_caramel""]","/images/bac_xiu_caramel_muoi.webp","true"
"Latte hạt phỉ","Latte thơm mùi hạt phỉ, vị sữa êm dịu.","Espresso, sữa tươi, syrup hạt phỉ, đá","latte","49000","250","cold","[""coffee"",""hazelnut"",""milky""]","/images/latte_hat_phi.webp","true"
"Latte hạnh nhân yến mạch","Espresso phối cùng sữa yến mạch và hương hạnh nhân.","Espresso, sữa yến mạch, syrup hạnh nhân, đá","latte","52000","210","cold","[""coffee"",""oat_milk"",""almond""]","/images/latte_hanh_nhan_yen_mach.webp","true"
"Matcha latte trân châu hoàng kim","Matcha và sữa tươi kết hợp trân châu mềm dai.","Bột matcha, sữa tươi, trân châu hoàng kim, syrup đường, đá","latte","55000","340","cold","[""matcha"",""pearls"",""milky""]","/images/matcha_latte_tran_chau_hoang_kim.webp","true"
"Chocolate đá","Chocolate đậm vị hòa cùng sữa tươi mát lạnh.","Bột cacao, sốt chocolate, sữa tươi, đường, đá","chocolate","45000","280","cold","[""chocolate"",""milky"",""sweet""]","/images/chocolate_da.webp","true"
"Chocolate nóng","Chocolate nóng thơm béo, phù hợp thưởng thức chậm.","Bột cacao, sốt chocolate, sữa tươi, đường","chocolate","45000","280","hot","[""chocolate"",""warm"",""milky""]","/images/chocolate_nong.webp","true"
"Matcha đá xay","Matcha xay mịn với sữa và đá, phủ kem tươi.","Bột matcha, sữa tươi, đường, kem tươi, đá","đá xay","55000","360","cold","[""matcha"",""blended"",""creamy""]","/images/matcha_da_xay.webp","true"
"Chocolate chip đá xay","Chocolate đá xay với vụn chocolate giòn thơm.","Bột chocolate, chocolate chip, sữa tươi, kem tươi, đá","đá xay","59000","430","cold","[""chocolate"",""choco_chip"",""blended""]","/images/chocolate_chip_da_xay.webp","true"
"Trà sữa đậu đỏ","Trà sữa béo dịu kết hợp đậu đỏ mềm bùi.","Trà đen, sữa, đậu đỏ nấu ngọt, đường, đá","trà sữa","45000","350","cold","[""milk_tea"",""red_bean""]","/images/tra_sua_dau_do.jpg","true"
"Trà sữa khoai môn đường đen","Trà sữa khoai môn thơm bùi cùng trân châu đường đen.","Trà đen, sữa, bột khoai môn, trân châu đường đen, đá","trà sữa","49000","430","cold","[""milk_tea"",""taro"",""brown_sugar""]","/images/tra_sua_khoai_mon_duong_den.jpg","true"
"Trà sữa dâu tây","Trà sữa ngọt béo với hương dâu tây chua nhẹ.","Trà đen, sữa, mứt dâu tây, đường, đá","trà sữa","45000","300","cold","[""milk_tea"",""strawberry""]","/images/tra_sua_dau_tay.jpg","true"
"Trà sữa nhài","Trà xanh hương nhài pha cùng sữa, hậu vị dịu.","Trà xanh nhài, sữa, đường, đá","trà sữa","42000","280","cold","[""milk_tea"",""jasmine"",""floral""]","/images/tra_sua_nhai.jpg","true"
"Trà sữa yến mạch","Trà sữa kết hợp yến mạch, vị béo và thơm ngũ cốc.","Trà đen, sữa, yến mạch, đường, đá","trà sữa","48000","320","cold","[""milk_tea"",""oat""]","/images/tra_sua_yen_mach.png","true"
"Trà sữa phô mai tươi","Trà sữa mềm vị với topping phô mai tươi.","Trà đen, sữa, phô mai tươi, đường, đá","trà sữa","49000","360","cold","[""milk_tea"",""cheese"",""creamy""]","/images/tra_sua_pho_mai_tuoi.jpg","true"
"Trà sữa ô long hạt dẻ","Trà ô long pha sữa và hương hạt dẻ thơm bùi.","Trà ô long, sữa, syrup hạt dẻ, trân châu hoàng kim, đá","trà sữa","49000","370","cold","[""milk_tea"",""oolong"",""chestnut""]","/images/tra_sua_olong_hat_de.png","true"
"Trà sữa caramel muối","Trà sữa thơm ngọt, cân bằng bằng chút muối.","Trà đen, sữa, caramel, muối, đá","trà sữa","49000","340","cold","[""milk_tea"",""salted_caramel""]","/images/tra_sua_caramel_muoi.jpg","true"
"Trà ô long đào","Trà ô long thanh nhẹ kết hợp đào ngâm ngọt thơm.","Trà ô long, đào ngâm, syrup đào, đá","trà trái cây","45000","170","cold","[""fruit_tea"",""peach"",""oolong""]","/images/tra_olong_dao.jpg","true"
"Trà ô long dâu tây","Trà ô long cùng dâu tây chua ngọt, mùi thơm nhẹ.","Trà ô long, dâu tây, mứt dâu, syrup đường, đá","trà trái cây","45000","160","cold","[""fruit_tea"",""strawberry"",""oolong""]","/images/tra_olong_dau_tay.jpg","true"
"Trà nhài mãng cầu","Trà nhài thơm dịu pha cùng mãng cầu chua ngọt.","Trà xanh nhài, mãng cầu, syrup đường, đá","trà trái cây","49000","185","cold","[""fruit_tea"",""soursop"",""jasmine""]","/images/tra_nhai_mang_cau.jpg","true"
"Trà nhài vải quế hoa","Vải ngọt thanh kết hợp trà nhài và hương quế hoa.","Trà xanh nhài, vải, syrup quế hoa, đá","trà trái cây","49000","175","cold","[""fruit_tea"",""lychee"",""floral""]","/images/tra_nhai_vai_que_hoa.jpg","true"
"Trà dứa thạch konjac","Trà dứa chua ngọt kèm thạch konjac giòn nhẹ.","Trà ô long, dứa, syrup đường, thạch konjac, đá","trà trái cây","45000","170","cold","[""fruit_tea"",""pineapple"",""jelly""]","/images/tra_dua_thach_konjac.jpg","true"
"Trà xanh đào chanh dây","Trà xanh kết hợp đào thơm ngọt và chanh dây chua dịu.","Trà xanh, đào, chanh dây, syrup đường, đá","trà trái cây","49000","180","cold","[""fruit_tea"",""peach"",""passion_fruit""]","/images/tra_xanh_dao_chanh_day.jpg","true"
"Trà ô long mận thạch quế hoa","Vị mận chua ngọt kết hợp ô long và thạch quế hoa.","Trà ô long, mận, thạch quế hoa, syrup đường, đá","trà trái cây","49000","185","cold","[""fruit_tea"",""plum"",""jelly""]","/images/tra_olong_man_thach_que_hoa.jpg","true"
"Trà nhài xoài đá tuyết","Trà nhài hòa cùng xoài chín và đá tuyết mát lạnh.","Trà xanh nhài, xoài, syrup đường, đá xay","trà trái cây","49000","200","cold","[""fruit_tea"",""mango"",""icy""]","/images/tra_nhai_xoai_da_tuyet.jpg","true"
"Trà ô long kem phô mai","Trà ô long thanh nhẹ phủ lớp kem phô mai béo mịn.","Trà ô long, kem phô mai, đường, đá","trà kem phô mai","49000","250","cold","[""oolong"",""cheese_foam"",""creamy""]","/images/tra_olong_kem_pho_mai.jpg","true"
"Hồng trà kem phô mai","Hồng trà đậm hương kết hợp kem phô mai mặn nhẹ.","Hồng trà, kem phô mai, đường, đá","trà kem phô mai","45000","240","cold","[""black_tea"",""cheese_foam""]","/images/hong_tra_kem_pho_mai.jpg","true"
"Trà ô long dâu tây kem phô mai","Ô long dâu tây chua ngọt phủ kem phô mai mềm mịn.","Trà ô long, dâu tây, mứt dâu, kem phô mai, đá","trà kem phô mai","52000","300","cold","[""strawberry"",""oolong"",""cheese_foam""]","/images/tra_olong_dau_tay_kem_pho_mai.jpg","true"
"Sữa tươi trân châu đường đen","Sữa tươi béo dịu và trân châu đường đen mềm dai.","Sữa tươi, trân châu, syrup đường đen, đá","sữa tươi","45000","380","cold","[""fresh_milk"",""brown_sugar"",""pearls""]","/images/sua_tuoi_tcdd.jpg","true"
"Sữa tươi yến mạch","Sữa tươi kết hợp yến mạch, vị béo thơm ngũ cốc.","Sữa tươi, yến mạch, đường, đá","sữa tươi","42000","280","cold","[""fresh_milk"",""oat""]","/images/sua_tuoi_yen_mach.png","true"
"Trà ô long sữa tươi","Hương ô long rõ nét hòa cùng sữa tươi béo nhẹ.","Trà ô long, sữa tươi, đường, đá","trà sữa","45000","230","cold","[""milk_tea"",""oolong"",""fresh_milk""]","/images/tra_olong_sua_tuoi.jpg","true"
